"Model","Accuracy","Kappa","Recall","Specificity","Precision","F1","AUC"
"Logistic Regression",0.714985308521058,0.153353831423629,0.857142857142857,0.707818930041152,0.128834355828221,0.224,0.845406063660032
"Random Forest",0.950048971596474,0.0629150395018615,0.0408163265306122,0.995884773662551,0.333333333333334,0.0727272727272728,0.807004283194759
"Linear SVM",0.715964740450539,0.154038239562977,0.857142857142857,0.708847736625514,0.129230769230769,0.224598930481283,0.844818174183254
"RBF SVM",0.905974534769833,0.165167620605069,0.26530612244898,0.938271604938272,0.178082191780822,0.213114754098361,0.793461829176115
"Nyström SVM",0.857002938295788,0.0886046540065296,0.26530612244898,0.886831275720165,0.105691056910569,0.151162790697674,0.661291677164693
